"","player_class","baseRate","n"
"1","WARLOCK",0.601417456282259,51924
"2","PRIEST",0.569027106534986,33313
"3","ROGUE",0.562895245584718,30519
"4","PALADIN",0.559962083365357,39033
"5","MAGE",0.554949200722947,56989
"6","HUNTER",0.5445284075007,17865
"7","SHAMAN",0.54091164884637,26655
"8","WARRIOR",0.521470721743078,11015
"9","DRUID",0.510312972843832,12557
